0,100,0,3.514051,35.14051,7000,31.87898,31.87891,0,0.9810969,0.9810969,0.9791654,0.9791654,0,1,1,1,1
1,100,0,7.763997,42.49945,7000,31.87898,31.87891,0,0.9807622,0.9807622,0.9788468,0.9788468,0,1,1,1,1
2,100,0,12.05032,42.86327,7000,31.87898,31.87891,0,0.9804226,0.9804226,0.9785243,0.9785243,0,1,1,1,1
3,100,0,10.96748,-10.82843,7000,0.01978234,0.02797645,0,0.9848822,0.9848822,0.983923,0.983923,0,1,1,1,1
4,100,0,9.026765,-19.40717,7000,0.07401875,0.07401875,0,0.9855562,0.9854991,0.9853528,0.98533,0,1,1,1,1
5,100,0,11.29702,22.70259,7000,0,0,0,0.9840423,0.9838902,0.9840135,0.9838968,0,1,1,1,1
6,100,0,10.77129,-5.257311,7000,0,0,0,0.9881026,0.988016,0.9878889,0.9878113,0,1,1,1,1
7,100,0,12.90632,21.35028,7000,0.01978234,0,0,0.9870371,0.9870186,0.9868473,0.9867973,0,1,1,1,1
8,100,0,16.15281,32.46487,7000,0,0,0,0.9841755,0.9841358,0.9843503,0.984277,0,1,1,1,1
9,100,0,18.7415,25.88696,7000,0,0,0,0.9825858,0.9825376,0.9831091,0.9830297,0,1,1,1,1
10,100,0,20.87866,21.37157,7000,0,0,0,0.9819196,0.9818802,0.98253,0.982461,0,1,1,1,1
11,100,0,23.28181,24.03147,7000,0,0,0,0.9809183,0.9808818,0.9816084,0.9815429,0,1,1,1,1
12,100,0,25.86037,25.7856,7000,0,0.01978234,0,0.9796335,0.9795952,0.9805747,0.9805087,-1,1,1,1,1
13,100,0,28.3739,25.13533,7000,0,0.01978234,0,0.9784768,0.9784386,0.9797041,0.9796398,-1,1,1,1,1
14,100,0,30.81119,24.37288,7000,0,0,0,0.9775062,0.9774693,0.9789416,0.9788796,0,1,1,1,1
15,100,0,33.25063,24.39438,7000,0,0,0,0.9765717,0.9765356,0.9781936,0.9781334,0,1,1,1,1
16,100,0,35.70893,24.58302,7000,0,0,0,0.9756135,0.9755779,0.9774582,0.9773995,0,1,1,1,1
17,100,0,38.16349,24.54567,7000,0,0,0,0.9746658,0.9746309,0.9767528,0.9766956,0,1,1,1,1
18,100,0,40.60389,24.40399,7000,0,0,0,0.9737523,0.9737181,0.9760738,0.9760182,0,1,1,1,1
19,100,0,43.03555,24.31656,7000,0,0,0,0.9728597,0.9728261,0.975412,0.9753578,0,1,1,1,1
20,100,0,45.46349,24.27937,7000,0,0,0,0.9719715,0.9719384,0.974763,0.9747101,0,1,1,1,1
21,100,0,47.88698,24.23492,7000,0,0,0,0.9710854,0.9710529,0.9741251,0.9740735,0,1,1,1,1
22,100,0,50.30397,24.16992,7000,0,0.01978234,0,0.9702041,0.9701721,0.9734967,0.9734463,-1,1,1,1,1
23,100,0,52.7142,24.10233,7000,0,0,0,0.9693259,0.9692944,0.9728758,0.9728265,0,1,1,1,1
24,100,0,55.11848,24.04278,7000,0,0,0,0.968447,0.968416,0.9722604,0.9722122,0,1,1,1,1
25,100,0,57.51706,23.98575,7000,0,0.01978234,0,0.9675648,0.9675342,0.9716491,0.9716019,-1,1,1,1,1
26,100,-1.655835,59.90812,23.91064,7000,0,0,0,0.9666791,0.966649,0.9710414,0.9709951,0,1,1,1,1
27,100,0,62.28749,23.79375,7000,0,0.02797645,0,0.9657857,0.9657667,0.970434,0.9703967,-1,1,1,1,1
28,100,0,64.66803,23.80535,7000,0.1065312,0.1046783,0,0.9648862,0.9648685,0.9698277,0.9697919,1,1,1,1,1
29,100,0,67.04266,23.74626,7000,0.1440177,0.1440177,0,0.9639801,0.9639597,0.9692227,0.9691854,0,1,1,1,1
30,100,0,69.41135,23.6869,7000,0.1312212,0.1312212,0,0.9630616,0.9630437,0.9686147,0.9685798,0,1,1,1,1
31,100,0,71.7741,23.62755,7000,0.1101434,0.1065312,0,0.9621319,0.9621171,0.9680048,0.9679725,1,1,1,1,1
32,100,0,74.13093,23.56827,7000,0.08392937,0.08392937,0,0.9611912,0.9611776,0.9673932,0.9673622,0,1,1,1,1
33,100,0,76.48186,23.50937,7000,0.06255725,0.06255725,0,0.9602375,0.9602249,0.9667787,0.9667487,0,1,1,1,1
34,100,0,78.82693,23.45062,7000,0.04845664,0.04845664,0,0.9592696,0.959258,0.9661605,0.9661316,0,1,1,1,1
35,100,0,81.16608,23.39157,7000,0.02797645,0.03426402,0,0.9582867,0.9582759,0.9655382,0.9655102,-1,1,1,1,1
36,100,0,83.49935,23.33267,7000,0.01978234,0.02797645,0,0.9572878,0.9572775,0.9649114,0.9648842,-1,1,1,1,1
37,100,0,85.82675,23.274,7000,0,0.01978234,0,0.9562717,0.9562619,0.9642795,0.9642528,-1,1,1,1,1
38,100,0,88.14826,23.2151,7000,0,0.02797645,0,0.9552376,0.955228,0.963642,0.9636159,-1,1,1,1,1
39,100,0,90.46393,23.15666,7000,0.01978234,0.01978234,0,0.9541843,0.9541751,0.9629986,0.9629729,0,1,1,1,1
40,100,0,92.77372,23.09792,7000,0,0,0,0.9531109,0.9531019,0.9623488,0.9623235,0,1,1,1,1
41,100,0,95.0777,23.03978,7000,0,0,0,0.9520164,0.9520075,0.9616921,0.9616672,0,1,1,1,1
42,100,0,97.37581,22.98111,7000,0,0.01978234,0,0.9508997,0.950891,0.9610282,0.9610037,-1,1,1,1,1
43,100,0,99.66811,22.92305,7000,0,0,0,0.9497598,0.9497512,0.9603568,0.9603326,0,1,1,1,1
44,100,0,101.9546,22.86469,7000,0,0,0,0.9485956,0.9485871,0.9596775,0.9596536,0,1,1,1,1
45,100,0,104.2352,22.80663,7000,0,0,0,0.947406,0.9473976,0.9589898,0.9589662,0,1,1,1,1
46,100,0,106.5101,22.74879,7000,0.02797645,0.01978234,0,0.9461899,0.9461815,0.9582935,0.9582701,1,1,1,1,1
47,100,0,108.7792,22.69073,7000,0,0.01978234,0,0.9449461,0.9449378,0.9575881,0.957565,-1,1,1,1,1
48,100,0,111.0425,22.63275,7000,0,0,0,0.9436734,0.9436651,0.9568735,0.9568506,0,1,1,1,1
49,100,0,113.3,22.57507,7000,0,0,0,0.9423705,0.9423624,0.9561491,0.9561265,0,1,1,1,1
50,100,0,115.5517,22.51755,7000,0,0,0,0.9410362,0.9410281,0.9554147,0.9553922,0,1,1,1,1
51,100,0,117.7977,22.45987,7000,0,0.02797645,0,0.9396692,0.9396611,0.9546698,0.9546475,-1,1,1,1,1
52,100,0,120.038,22.40234,7000,0,0,0,0.9382679,0.93826,0.9539142,0.9538922,0,1,1,1,1
53,100,0,122.2725,22.3452,7000,0,0,0,0.9368311,0.9368231,0.9531475,0.9531257,0,1,1,1,1
54,100,0,124.5013,22.28783,7000,0,0,0,0.935357,0.9353491,0.9523693,0.9523476,0,1,1,1,1
55,100,0,126.7243,22.23061,7000,0,0,0,0.9338443,0.9338363,0.9515794,0.9515579,0,1,1,1,1
56,100,0,128.9417,22.17361,7000,0,0.01978234,0,0.932291,0.9322831,0.9507772,0.9507558,-1,1,1,1,1
57,100,0,131.1533,22.11639,7000,0,0,0,0.9306956,0.9306877,0.9499625,0.9499413,0,1,1,1,1
58,100,0,133.3593,22.05963,7000,0,0,0,0.9290561,0.9290483,0.9491348,0.9491138,0,1,1,1,1
59,100,0,135.5596,22.00287,7000,0,0.01978234,0,0.9273707,0.9273628,0.9482939,0.9482729,-1,1,1,1,1
60,100,0,137.7542,21.94595,7000,0,0,0,0.9256371,0.9256293,0.9474393,0.9474185,0,1,1,1,1
61,100,0,139.9431,21.8895,7000,0,0,0,0.9238535,0.9238456,0.9465705,0.9465498,0,1,1,1,1
62,100,0,142.1264,21.83289,7000,0,0.01978234,0,0.9220173,0.9220095,0.9456872,0.9456667,-1,1,1,1,1
63,100,0,144.3041,21.77689,7000,0,0.01978234,0,0.9201262,0.9201184,0.944789,0.9447685,-1,1,1,1,1
64,100,0,146.4761,21.72028,7000,0,0,0,0.9181777,0.9181699,0.9438754,0.943855,0,1,1,1,1
65,100,0,148.6425,21.66412,7000,0,0,0,0.9161691,0.9161614,0.942946,0.9429258,0,1,1,1,1
66,100,0,150.8033,21.60797,7000,0,0,0,0.9140975,0.9140897,0.9420004,0.9419802,0,1,1,1,1
67,100,0,152.9585,21.55197,7000,0,0,0,0.9119599,0.9119521,0.941038,0.941018,0,1,1,1,1
68,100,0,155.1081,21.49582,7000,0,0.01978234,0,0.9097531,0.9097453,0.9400585,0.9400385,-1,1,1,1,1
69,100,0,157.2521,21.43997,7000,0,0,0,0.9074736,0.9074658,0.9390612,0.9390413,0,1,1,1,1
70,100,0,159.3905,21.38412,7000,0,0,0,0.9051178,0.90511,0.9380457,0.938026,0,1,1,1,1
71,100,0,161.5234,21.32843,7000,0,0,0,0.9026818,0.902674,0.9370116,0.9369919,0,1,1,1,1
72,100,0,163.6507,21.27289,7000,0,0,0,0.9001614,0.9001535,0.9359581,0.9359385,0,1,1,1,1
73,100,0,165.7724,21.21719,7000,0,0,0,0.8975522,0.8975443,0.9348849,0.9348653,0,1,1,1,1
74,100,0,167.8885,21.16165,7000,0,0,0,0.8948494,0.8948416,0.9337912,0.9337717,0,1,1,1,1
75,100,0,169.9992,21.10672,7000,0,0,0,0.892048,0.8920401,0.9326766,0.9326571,0,1,1,1,1
76,100,0,172.1043,21.05133,7000,0,0.01978234,0,0.8891425,0.8891346,0.9315403,0.9315209,-1,1,1,1,1
77,100,0,174.204,20.99625,7000,0,0,0,0.8861269,0.886119,0.9303818,0.9303624,0,1,1,1,1
78,100,0,176.2981,20.94116,7000,0,0.01978234,0,0.8829951,0.8829871,0.9292004,0.929181,-1,1,1,1,1
79,100,0,178.3867,20.88638,7000,0,0,0,0.8797402,0.8797321,0.9279953,0.927976,0,1,1,1,1
80,100,0,180.4699,20.8316,7000,0,0,0,0.8763548,0.8763468,0.9267659,0.9267466,0,1,1,1,1
81,100,0,182.5475,20.77667,7000,0,0.01978234,0,0.872831,0.8728229,0.9255115,0.9254922,-1,1,1,1,1
82,100,0,184.6198,20.72205,7000,0,0.01978234,0,0.8691603,0.8691522,0.9242312,0.924212,-1,1,1,1,1
83,100,0,186.6865,20.66788,7000,0,0.01978234,0,0.8653333,0.8653252,0.9229243,0.9229051,-1,1,1,1,1
84,100,0,188.7479,20.6134,7000,0,0.01978234,0,0.8613399,0.8613318,0.92159,0.9215708,-1,1,1,1,1
85,100,0,190.8038,20.55908,7000,0,0.01978234,0,0.8571692,0.857161,0.9202273,0.9202082,-1,1,1,1,1
86,100,0,192.8543,20.50476,7000,0,0.01978234,0,0.8528092,0.852801,0.9188355,0.9188163,-1,1,1,1,1
87,100,0,194.8993,20.45059,7000,0,0,0,0.8482468,0.8482386,0.9174135,0.9173943,0,1,1,1,1
88,100,0,196.939,20.39673,7000,0,0,0,0.8434677,0.8434594,0.9159604,0.9159412,0,1,1,1,1
89,100,0,198.9732,20.34241,7000,0,0,0,0.8384563,0.8384479,0.9144752,0.914456,0,1,1,1,1
90,100,0,201.0021,20.28854,7000,0.01978234,0.01978234,0,0.8331953,0.8331869,0.9129568,0.9129376,0,1,1,1,1
91,100,0,203.0256,20.23499,7000,0.01978234,0.01978234,0,0.8276657,0.8276573,0.9114041,0.9113849,0,1,1,1,1
92,100,-7.099349,205.0328,20.07233,7000,0.1532334,0.04423466,0,0.8218563,0.8218478,0.9098208,0.9098016,1,1,1,1,1
93,100,-28.53319,205.4809,4.480438,7000,4.096677,2.245853,0,0.8179294,0.8186685,0.9087827,0.9089561,2,1,1,1,1
94,100,0,206.6221,11.41251,7000,5.397282,5.397318,0,0.8117614,0.8141385,0.9073057,0.9078754,-2,1,1,1,1
95,100,0,208.3746,17.52502,7000,6.823978,6.824064,0,0.8051031,0.8084151,0.905669,0.9064446,-2,1,1,1,1
96,100,0,209.9365,15.6189,7000,7.193284,7.194075,0,0.7978985,0.8026848,0.9040327,0.9051229,-2,1,1,1,1
97,100,26.52748,210.8061,8.695984,7000,6.508883,5.221534,0,0.79212,0.7984399,0.9026566,0.9040747,2,1,1,1,1
98,100,0,211.5242,7.180939,7000,0.6641131,0.6641131,0,0.7877352,0.7931157,0.9015985,0.9027496,0,1,1,1,1
99,100,0,213.4945,19.70306,7000,4.711144,4.710854,0,0.7799993,0.7852989,0.8999219,0.9009409,2,1,1,1,1
100,100,-23.77011,215.0882,15.93704,7000,5.177065,6.436722,0,0.7724026,0.7779567,0.8983573,0.8992944,-2,1,1,1,1
101,100,0,215.7749,6.867371,7000,3.611783,3.611945,0,0.7660891,0.7719766,0.8970953,0.8980409,-1,1,1,1,1
102,100,0,217.6477,18.72711,7000,1.630389,1.630149,0,0.7564116,0.7614751,0.8953952,0.8961008,1,1,1,1,1
103,100,0,219.6876,20.39917,7000,0.3232465,0.3226406,0,0.7446349,0.7489028,0.8935983,0.8940755,1,1,1,1,1
104,100,0,221.8225,21.34964,7000,0.4652018,0.4656222,0,0.7289496,0.7341155,0.8915635,0.8920662,-1,1,1,1,1
105,100,0,224.0529,22.30316,7000,0.9162119,0.916639,0,0.707875,0.7150641,0.8893878,0.8899664,-1,1,1,1,1
106,100,8.904624,226.2874,22.34543,7000,0.8522571,0.6769532,0,0.6774361,0.688235,0.887177,0.8877821,1,1,1,1,1
107,100,0,228.7945,25.0708,7000,1.044927,1.044739,0,0.6253787,0.6435519,0.8848954,0.8852702,1,1,1,1,1
108,100,0,232.1277,33.33237,7000,2.055571,2.05519,0,0.4845873,0.5436538,0.8820349,0.8823849,1,1,1,1,1
109,100,0,235.98,38.52295,7000,2.546221,2.546912,0,0.1590062,0.1901015,0.8788564,0.8791257,-1,0,0,1,1
110,100,1.787703,237.6939,17.13913,7000,2.520026,2.526542,0,0.1552413,0.1487237,0.8766858,0.8767221,-1,0,0,1,1
111,100,0,238.9459,12.51953,7000,3.64889,3.648515,0,0.1557226,0.1382056,0.8747128,0.8743604,1,0,0,1,1
112,100,0,240.4766,15.30731,7000,4.55363,4.553717,0,0.158738,0.1435612,0.8726219,0.8717946,-2,0,0,1,1
113,100,0,241.923,14.46396,7000,4.827589,4.827792,0,0.1561287,0.1440635,0.8704743,0.8693039,-2,0,0,1,1
114,100,-5.738471,243.3333,14.10248,7000,4.626137,4.688136,0,0.1556073,0.1448861,0.8683363,0.8666976,-2,0,0,1,1
115,100,0,244.6697,13.36411,7000,2.212932,2.213728,0,0.143213,0.1560047,0.8660223,0.8642043,-1,0,0,1,1
116,100,0,246.2138,15.44128,7000,0.3669084,0.3685048,0,0.146221,0.1544259,0.8634894,0.861593,-1,0,0,1,1
117,100,0,247.8186,16.04843,7000,0.8187665,0.8194832,0,0.146617,0.1534899,0.860909,0.8588284,-1,0,0,1,1
118,0,1.448802,249.4111,15.92499,7000,1.539133,1.535186,0,-0.08367859,-0.09334912,-5.970053,-5.870888,1,0,0,0,0
119,0,0,245.8747,-35.36453,7000,1.456294,1.456428,0,1,1,1,1,-1,1,1,1,1
120,0,5.176713,238.068,-78.06702,7000,1.378708,1.320121,0,1,1,1,1,1,1,1,1,1
121,0,11.61583,229.9247,-81.43311,7000,0.454995,0.7412493,0,1,1,1,1,-1,1,1,1,1
122,0,0,222.3488,-75.75836,7000,3.740416,3.740364,0,1,1,1,1,1,1,1,1,1
123,0,0,214.9948,-73.54004,7000,5.273475,5.274032,0,1,1,1,1,-2,1,1,1,1
124,0,0,207.649,-73.45825,7000,5.826823,5.826823,0,1,1,1,1,0,1,1,1,1
125,0,0,200.4027,-72.46292,7000,5.777332,5.776619,0,1,1,1,1,2,1,1,1,1
126,0,18.05495,193.1253,-72.7739,7000,5.139193,5.548319,0,1,1,1,1,-2,1,1,1,1
127,0,35,184.77,-83.55331,7000,3.915066,5.348483,0,1,1,1,1,-2,1,1,1,1
128,0,35,176.5344,-82.35626,7000,3.31458,4.647598,0,1,1,1,1,-2,1,1,1,1
129,0,35,168.5606,-79.7377,7000,2.491358,3.784962,0,1,1,1,1,-1,1,1,1,1
130,0,35,160.818,-77.42615,7000,1.796676,3.062093,0,0.5907024,0.5793111,0.6688687,0.6598651,-1,1,1,1,1
131,0,35,152.7868,-80.31174,7000,1.342317,2.571311,0,1,1,1,1,-1,1,1,1,1
132,0,35,145.2827,-75.04089,7000,1.250701,2.396697,0,0.2208975,0.2015096,0.4128388,0.3928658,-1,1,1,1,1
133,0,35,140.3819,-49.00848,7000,1.911927,2.856156,0,0.1758058,0.1923328,1,1,-1,0,0,1,1
134,0,35,135.0949,-52.86987,7000,3.421023,3.970001,0,0.1689382,0.1972618,1,1,-1,0,0,1,1
135,0,35,129.8544,-52.40509,7000,5.25915,5.275555,0,0.1708672,0.2068496,1,1,-2,0,1,1,1
136,0,35,124.647,-52.07405,7000,6.908079,6.345727,0,0.177708,0.2167612,1,1,2,0,1,1,1
137,0,35,119.477,-51.70013,7000,8.09643,6.994678,0,0.1854383,0.2241647,1,1,2,0,1,1,1
138,100,35,115.2841,-41.92818,7000,8.819622,7.255284,0,0.05866112,-0.001565689,0.2525612,0.2403783,2,0,0,1,1
139,100,35,116.0765,7.924042,7000,9.676013,7.643161,0,0.03022119,-0.04374578,0.2749715,0.2152413,2,0,0,1,1
140,100,35,116.7035,6.269455,7000,11.08813,8.615547,0,0.03249411,-0.05414233,0.3048568,0.233397,3,0,0,1,1
141,100,35,117.2141,5.10643,7000,12.97418,10.2072,0,0.02926466,-0.07138478,0.3364862,0.2566065,3,0,0,1,1
142,100,35,114.538,-26.76102,7000,14.84905,12.06433,0,0.02479434,-0.09110836,0.3364862,0.2566065,3,0,0,1,1
143,100,35,111.1734,-33.64662,7000,16.36943,13.89278,0,0.01626564,-0.1178294,0.3364862,0.2566065,3,0,0,1,1
144,100,35,108.5496,-26.23741,7000,17.79108,15.93915,0,-0.008793442,-0.1552152,0.2929751,0.2102794,3,0,0,1,1
145,100,35,108.4464,-1.032181,7000,19.38515,18.46116,0,-0.04521886,-0.2094565,0.3728651,0.2514172,3,0,0,1,1
146,100,0,108.5791,1.327133,7000,21.77567,21.77602,0,0.2634917,0.1562682,0.3938426,0.2261797,-3,1,0,1,1
147,100,0,110.421,18.41927,7000,25.21603,25.21565,0,0.2650613,0.1415964,0.3764303,0.1743017,3,1,0,1,0
148,100,-20.0277,112.3617,19.40628,7000,26.61162,27.32238,0,0.2408054,0.1820843,0.3198046,0.1502515,-3,1,0,1,0
149,100,0,113.6315,12.69798,7000,28.2928,28.29193,0,0.1711375,0.09323273,0.2505068,0.1456174,3,0,0,1,0
150,100,-29.21363,114.4735,8.419952,7000,26.70322,28.60863,0,0.216002,0.1639872,0.2532534,0.1287008,-3,1,0,1,0
151,100,-35,116.1686,16.95168,7000,23.97162,26.76476,0,0.2165586,0.2074391,0.2012619,0.1563399,-3,1,1,1,0
152,100,0,117.6141,14.45419,7000,22.38329,22.38177,0,0.1201475,0.1673528,0.1781595,0.2168442,3,0,0,0,1
153,100,-34.99868,118.8442,12.30103,7000,13.53044,16.00831,0,0.2172694,0.2361491,0.2579694,0.2649712,-3,1,1,1,1
154,100,0,120.6894,18.4523,7000,7.461482,7.46114,0,0.1671525,0.2588768,0.2486596,0.2810378,2,0,1,1,1
155,100,9.921327,123.5433,28.53912,7000,0,0.05934703,0,0.1745533,0.2215916,0.1962225,0.2530105,-1,0,1,0,1
156,100,35,125.3475,18.04169,7000,3.226404,3.035317,0,0.01147734,0.04040447,0.2144117,0.2397049,1,0,0,1,1
157,100,0,126.8496,15.02106,7000,2.28696,2.28773,0,0.2007744,0.1843258,0.228788,0.2146413,-1,1,0,1,1
158,100,0,129.9528,31.03203,7000,1.072649,1.073379,0,0.1937981,0.1892191,0.2244537,0.2223796,-1,0,0,1,1
159,100,35,132.4297,24.76959,7000,0.2093567,0.3426407,0,0.06458601,0.04946269,0.231951,0.2152116,-1,0,0,1,1
160,100,35,133.3914,9.617157,7000,2.06137,3.183277,0,0.07231936,0.004512009,0.2504421,0.19119,-1,0,0,1,0
161,0,35,133.8803,4.888611,7000,4.815441,6.705574,0,0.1799817,0.2498489,-0.06662333,0.0438014,-2,0,1,0,0
162,0,35,130.1421,-37.38251,7000,6.915003,9.39214,0,0.1725144,0.2387369,-0.04226122,0.03608921,-2,0,1,0,0
163,100,35,126.7045,-34.37569,7000,8.012047,10.77013,0,-0.05535226,-0.148122,0.1877455,0.1317658,-3,0,0,0,0
164,100,35,126.5387,-1.658401,7000,9.188294,11.99625,0,-0.01334924,-0.1102445,0.3259701,0.253859,-3,0,0,1,1
165,100,35,126.4948,-0.4381561,7000,11.39506,13.9731,0,-0.03140815,-0.1423289,0.3663148,0.270685,-3,0,0,1,1
166,100,35,126.3187,-1.76178,7000,14.65672,16.62308,0,-0.0560797,-0.1883159,0.3799322,0.2578074,-3,0,0,1,1
167,100,35,125.9351,-3.835449,7000,19.00182,19.92906,0,-0.09476063,-0.256358,0.37856,0.2246615,-3,0,0,1,1
168,100,-18.3266,125.7408,-1.943359,7000,23.95473,23.84557,0,0.2382922,0.1340915,0.357691,0.1733923,3,1,0,1,0
169,100,-35,127.4027,16.61926,7000,26.69715,25.41057,0,0.2162136,0.1797719,0.2837539,0.1568307,3,1,0,1,0
170,100,0,128.6876,12.84859,7000,24.13834,24.13775,0,0.1369084,0.1294791,0.2037787,0.1787704,3,0,0,1,0
171,100,0,129.351,6.633911,7000,21.94886,21.94845,0,0.1719658,0.1359326,0.2434397,0.1874943,3,0,0,1,0
172,100,0,130.2635,9.125366,7000,19.86854,19.86826,0,0.1946719,0.159218,0.2751806,0.2100888,3,0,0,1,1
173,100,-11.86242,131.5456,12.82104,7000,18.29961,18.09497,0,0.2017089,0.1744274,0.2889632,0.2314706,3,1,0,1,1
174,100,0,133.3566,18.1105,7000,15.90314,15.90355,0,0.2130585,0.1929675,0.298405,0.2524093,-3,1,0,1,1
175,100,20.42726,134.7505,13.93875,7000,14.65089,13.96077,0,0.09135953,0.03723729,0.3173609,0.2625338,3,0,0,1,1
176,100,0,135.7908,10.40329,7000,12.50404,12.50396,0,0.2207115,0.1897625,0.332276,0.264762,3,1,0,1,1
177,100,0,137.8208,20.29922,7000,11.3152,11.3146,0,0.2081815,0.1762376,0.3321279,0.2640735,3,1,0,1,1
178,100,27.54418,139.8892,20.68451,7000,12.05637,10.4767,0,0.2096984,0.1767883,0.3210467,0.2554107,3,1,0,1,1
179,100,35,140.4125,5.232849,7000,13.02757,10.28562,0,-0.05310088,-0.1129619,0.3127782,0.2452239,3,0,0,1,1
180,100,35,140.3116,-1.009369,7000,13.55058,10.73389,0,-0.04339134,-0.1112122,0.3126614,0.2420201,3,0,0,1,1
181,100,0,140.1203,-1.912231,7000,11.69802,11.69841,0,0.1840509,0.1373108,0.3234537,0.249162,-3,0,0,1,1
182,100,0,142.1752,20.54901,7000,12.69338,12.69369,0,0.2019176,0.1494736,0.3284279,0.2510164,-3,1,0,1,1
183,100,35,143.6163,14.41071,7000,16.03425,13.91749,0,0.06680407,-0.04804084,0.3337058,0.2502412,3,0,0,1,1
184,100,10.93803,143.2257,-3.906097,7000,15.94989,15.80425,0,-0.02210665,-0.1039347,0.3381368,0.2382129,3,0,0,1,1
185,100,-34.99868,144.1236,8.97934,7000,16.98175,16.01096,0,0.1422817,0.1165181,0.3150989,0.233806,3,0,0,1,1
186,0,-34.99868,142.6479,-14.75769,7000,13.31528,12.07295,0,0.06327649,0.02929866,0.04272842,0.003912951,3,0,0,0,0
187,0,-34.99868,138.9241,-37.2377,7000,5.837007,3.698988,0,0.1036992,0.0156183,0.05850381,-0.04631824,2,0,0,0,0
188,55.72832,-34.99868,135.6759,-32.48199,7000,2.412164,5.207368,0,-0.1773465,-0.03860381,-0.04842655,0.08256986,-2,0,0,0,0
189,100,-34.99868,135.3201,-3.558502,7000,9.903018,12.35095,0,-0.0703095,0.08938792,0.2054979,0.318063,-3,0,0,1,1
190,100,35,136.1922,8.721161,7000,17.75078,18.81238,0,0.03283172,0.1918987,0.2047735,0.3571132,-3,0,0,1,1
191,100,35,137.3365,11.44379,7000,21.96945,21.8924,0,0.1289172,0.1690771,0.1910157,0.2976511,3,0,0,0,1
192,100,35,138.4253,10.8873,7000,20.94867,20.65688,0,0.2018179,0.1999809,0.2013175,0.2225472,3,1,0,1,1
193,100,0,139.4227,9.974213,7000,16.1605,16.16014,0,0.1816512,0.160521,0.2417923,0.2338476,3,0,0,1,1
194,100,-13.2233,140.6721,12.4939,7000,11.04555,11.13174,0,0.2053408,0.2027739,0.2596496,0.2855119,-3,1,1,1,1
195,100,-35,141.3699,6.978455,7000,5.804309,6.80504,0,-0.09710877,-0.1124703,0.2177485,0.2467443,-2,0,0,1,1
196,100,-35,141.5947,2.247314,7000,3.059599,4.194186,0,-0.04313983,-0.03962953,0.2127309,0.2182691,-2,0,0,1,1
197,100,-35,142.0629,4.682465,7000,2.804143,3.775483,0,-0.02332627,0.005215913,0.2047006,0.2284332,-1,0,0,1,1
198,100,-35,142.5978,5.349274,7000,4.555351,5.031079,0,-0.02749074,0.0253123,0.1947073,0.2383177,-2,0,0,0,1
199,100,0,143.2571,6.592712,7000,7.016463,7.016854,0,0.1573175,0.2109127,0.1838641,0.2432336,-2,0,1,0,1
200,100,-33.63648,145.6097,23.52631,7000,8.779685,7.935432,0,0.1012575,0.1571694,0.1910169,0.2344166,2,0,0,0,1
201,100,-34.99868,145.9747,3.649139,7000,10.66197,9.104829,0,-0.08425707,-0.01158962,0.2007591,0.2571895,3,0,0,1,1
202,100,-34.99868,145.8664,-1.082916,7000,12.82217,10.65796,0,-0.1016364,-0.01962587,0.2195721,0.2867061,3,0,0,1,1
203,100,-34.65714,145.609,-2.573547,7000,15.25574,12.68476,0,-0.1305439,-0.03797551,0.2370215,0.3137517,3,0,0,1,1
204,100,5.854516,146.0959,4.869232,7000,15.11377,15.03775,0,0.142907,0.205987,0.2337221,0.3243865,3,0,1,1,1
205,100,0,147.7729,16.76956,7000,15.51373,15.51359,0,0.1799932,0.2111468,0.2402418,0.3070546,3,0,1,1,1
206,100,0,149.2095,14.36569,7000,15.91009,15.90998,0,0.1743445,0.2219978,0.2338917,0.3016805,3,0,1,1,1
207,100,35,150.7803,15.70816,7000,18.19201,15.81364,0,0.1415092,0.1887022,0.2245526,0.3039916,3,0,0,1,1
208,100,0,151.8332,10.52887,7000,12.05733,12.05771,0,0.1997287,0.1693144,0.2579803,0.268856,-3,0,0,1,1
209,100,0,153.5459,17.12753,7000,7.568697,7.56893,0,0.2040723,0.1946864,0.226991,0.2354972,-2,1,0,1,1
210,100,0,155.9651,24.19159,7000,3.648192,3.648622,0,0.1819635,0.1734964,0.208351,0.2071159,-1,0,0,1,1
211,100,-16.28528,158.2642,22.99133,7000,2.307153,1.714977,0,0.1746765,0.1703963,0.2100923,0.2066804,1,0,0,1,1
212,100,0,160.3819,21.17706,7000,2.142197,2.142471,0,0.1698997,0.1867088,0.1966698,0.2149127,-1,0,0,0,1
213,100,-4.377592,163.0769,26.94962,7000,2.57329,2.532114,0,0.1691536,0.1801066,0.1997423,0.21092,1,0,0,0,1
214,100,0,165.7042,26.27304,7000,2.996305,2.996697,0,0.1686082,0.1825041,0.1963086,0.2115658,-1,0,0,0,1
215,100,7.887921,168.2947,25.90561,7000,3.071158,2.940979,0,0.1654924,0.1763013,0.1964923,0.2085739,1,0,0,0,1
216,100,0,170.747,24.52255,7000,1.143979,1.145005,0,0.1816678,0.1658712,0.2088457,0.1930223,-1,0,0,1,0
217,100,0,173.353,26.06049,7000,0.1065312,0.1101434,0,0.1774059,0.1691509,0.2043597,0.19672,-1,0,0,1,0
218,100,2.126604,175.933,25.79971,7000,1.04155,1.052019,0,0.1766842,0.1669312,0.2039115,0.195049,-1,0,0,1,0
219,100,0,178.4839,25.50858,7000,1.760809,1.761475,0,0.176543,0.1657822,0.2040532,0.1923636,-1,0,0,1,0
220,100,0,180.9952,25.11292,7000,2.069803,2.069803,0,0.1742263,0.1661696,0.2013716,0.192531,0,0,0,1,0
221,100,0,183.4642,24.6907,7000,2.112852,2.112944,0,0.1725603,0.1660691,0.1994743,0.1921758,-1,0,0,0,0
222,100,0,185.9001,24.35852,7000,2.010518,2.010713,0,0.1711516,0.1657673,0.197956,0.1916534,-1,0,0,0,0
223,100,0,188.3086,24.08508,7000,1.838666,1.83856,0,0.1698088,0.1654888,0.1964054,0.1912275,1,0,0,0,0
224,100,0,190.6925,23.83896,7000,1.640917,1.641394,0,0.1686103,0.1651541,0.1949514,0.1907567,-1,0,0,0,0
225,100,0,193.0527,23.60184,7000,1.443607,1.443607,0,0.1675453,0.1647258,0.1936533,0.190187,0,0,0,0,0
226,100,0,195.3889,23.36227,7000,1.257099,1.256632,0,0.1665499,0.1642374,0.192444,0.1895663,1,0,0,0,0
227,100,11.61583,197.6342,22.45346,7000,0.8910931,1.19009,0,0.1600376,0.1580683,0.1915638,0.1891856,-1,0,0,0,0
228,100,0,198.9865,13.5228,7000,3.210772,3.210954,0,0.1778926,0.148882,0.2040224,0.1743781,-1,0,0,1,0
229,100,0,201.1951,22.08588,7000,4.592821,4.592992,0,0.1732379,0.1524132,0.1992763,0.1767886,-2,0,0,0,0
230,100,0,203.327,21.31897,7000,4.720698,4.720823,0,0.16803,0.1573617,0.1927598,0.1803049,-2,0,0,0,0
231,100,-0.9753956,205.3444,20.1738,7000,4.222017,4.223687,0,0.1654278,0.1561648,0.1914312,0.1803119,-2,0,0,0,0
232,100,-32.61583,206.0361,6.916656,7000,0.7072059,1.503891,0,0.03760287,0.05984144,0.1783819,0.1948591,-1,0,0,0,0
233,100,0,207.2827,12.46643,7000,2.325826,2.326247,0,0.1465896,0.1773941,0.1693728,0.2017998,-1,0,0,0,1
234,100,0,209.4224,21.39694,7000,4.497494,4.497015,0,0.1495624,0.1713989,0.1744857,0.1963004,2,0,0,0,0
235,82.46484,-33.9767,210.5946,11.72211,7000,8.580735,5.972843,0,-0.06311213,-0.0230097,0.171519,0.1992905,2,0,0,0,0
236,0,-34.31693,204.8985,-56.9606,7000,10.19188,7.688527,0,1,1,1,1,3,1,1,1,1
237,0,-34.31693,195.927,-89.71497,7000,10.16835,7.826265,0,1,1,1,1,3,1,1,1,1
238,0,-34.31693,187.2643,-86.62781,7000,8.906334,6.63102,0,1,1,1,1,2,1,1,1,1
239,0,-34.31693,178.9231,-83.41125,7000,7.138639,4.840193,0,1,1,1,1,2,1,1,1,1
240,0,-34.31693,170.5056,-84.17542,7000,5.46472,3.106523,0,0.1596553,0.1596525,0.1587347,0.1930073,2,0,0,0,0
241,0,-34.31693,166.1177,-43.87924,7000,4.787697,2.42277,0,0.1896824,0.1873175,-0.004718047,-0.006642268,2,0,0,0,0
242,0,-34.31693,162.1246,-39.93027,7000,5.203114,2.939049,0,0.1873052,0.1726351,0.002508395,-0.01429581,2,0,0,0,0
243,0,-34.31693,155.9908,-61.3382,7000,6.096061,4.04002,0,1,1,1,1,2,1,1,1,1
244,0,-34.31693,148.5505,-74.40308,7000,6.567547,4.737103,0,1,1,1,1,2,1,1,1,1
245,0,-34.31693,141.2998,-72.50717,7000,6.510569,4.879938,0,1,1,1,1,2,1,1,1,1
246,0,-19.68748,134.2416,-70.58197,7000,5.108027,4.621181,0,1,1,1,1,2,1,1,1,1
247,0,-34.65714,127.5759,-66.65726,7000,5.858191,4.550489,0,0.7593079,0.7681525,0.8005346,0.8093857,2,1,1,1,1
248,0,-34.65714,122.4047,-51.71135,7000,5.515585,4.412241,0,0.1757252,0.1780975,0.005368305,-0.01697721,2,0,0,0,0
249,0,-34.65714,119.0696,-33.35152,7000,5.393323,4.576714,0,0.5290089,0.5044963,0.3068958,0.2756726,2,1,1,1,1
250,0,-34.65714,112.0873,-69.82254,7000,5.158828,4.619146,0,1,1,1,1,2,1,1,1,1
251,0,-34.65714,105.7376,-63.4977,7000,4.662158,4.344154,0,1,1,1,1,2,1,1,1,1
252,0,-34.65714,99.58723,-61.50337,7000,4.021412,3.881814,0,1,1,1,1,2,1,1,1,1
253,0,-34.65714,95.00024,-45.8699,7000,3.449917,3.486835,0,0.3628027,0.3284761,0.006596984,-0.01563213,-1,1,1,0,0
254,0,-34.65714,92.20034,-27.99904,7000,3.131379,3.451279,0,0.376083,0.3140213,0.01662532,-0.02071375,-1,1,1,0,0
255,0,-34.65714,89.46636,-27.33978,7000,3.10255,3.803541,0,0.381883,0.3177859,0.02378721,-0.02693008,-1,1,1,0,0
256,0,-34.65714,86.78551,-26.80847,7000,3.149208,4.28496,0,0.3894856,0.3250144,0.02920558,-0.03113247,-2,1,1,0,0
257,39.49544,-34.65714,84.28255,-25.0296,7000,3.138435,4.711893,0,-0.3776989,-0.2845272,0.03491059,0.09767084,-2,0,0,0,0
258,100,-34.65714,84.68871,4.061584,7000,3.174532,5.1932,0,0.02077916,0.1211114,0.2149269,0.2935945,-2,0,0,1,1
259,100,-34.65714,86.23573,15.47012,7000,3.624986,6.080799,0,0.01149139,0.1283605,0.2269128,0.3193421,-2,0,0,1,1
260,100,-34.65714,87.62585,13.90121,7000,4.909476,7.644136,0,-0.002967459,0.1303376,0.2709801,0.3667478,-2,0,0,1,1
261,100,-34.65714,88.82669,12.00844,7000,7.172909,9.842168,0,-0.02718135,0.1267526,0.3222418,0.4267577,-2,0,0,1,1
262,100,-34.65714,89.79419,9.674988,7000,10.55255,12.64969,0,-0.065389,0.1122843,0.3589524,0.492081,-3,0,0,1,1
263,100,-13.2233,90.44558,6.513901,7000,15.93288,16.06446,0,0.02681393,0.163946,0.3757001,0.5522969,-3,0,0,1,1
264,100,35,92.52142,20.75836,7000,18.99289,18.7427,0,0.08616292,0.1873127,0.3647014,0.5974401,3,0,0,1,1
265,100,35,94.07668,15.55267,7000,19.50021,18.83069,0,0.2138359,0.219772,0.3791935,0.6395946,3,1,1,1,1
266,100,0,95.85603,17.7935,7000,15.40083,15.40118,0,0.2402836,0.2267205,0.4031806,0.6955829,-3,1,1,1,1
267,100,25.51077,97.76859,19.12552,7000,9.780642,9.763077,0,0.2512983,0.2476488,0.3940289,0.7480582,2,1,1,1,1
268,100,0,100.3359,25.67268,7000,3.103118,3.103181,0,0.2810552,0.211755,0.2797318,0.776215,-1,1,1,1,1
269,100,-34.31693,103.0222,26.86325,7000,2.776291,1.294222,0,0.1653908,0.1115393,0.2614828,0.7974826,1,0,0,1,1
270,100,-34.31693,104.3205,12.9837,7000,3.782427,2.170966,0,0.06500221,0.07230915,0.2360783,0.8161147,1,0,0,1,1
271,100,0,105.871,15.50484,7000,0.4957456,0.4953507,0,0.1797907,0.2267155,0.2125939,0.8301715,1,0,1,1,1
272,100,0,108.9284,30.57396,7000,0.9926839,0.9924868,0,0.1926093,0.2123542,0.2285293,0.8389234,1,0,1,1,1
273,100,-6.07869,111.7964,28.67981,7000,2.207707,2.227565,0,0.1797622,0.2127848,0.2193224,0.8464237,-1,0,1,1,1
274,100,-34.65714,113.8031,20.06645,7000,3.64728,3.790287,0,0.01382244,0.1065842,0.2039771,0.8542559,-1,0,0,1,1
275,100,0,115.3653,15.62233,7000,5.63061,5.63075,0,0.1672038,0.2303043,0.1946242,0.8613265,-2,0,1,0,1
276,100,9.582426,118.1738,28.08533,7000,6.116319,6.036828,0,0.1752209,0.2105153,0.2105134,0.8655553,2,0,1,1,1
277,100,-0.432099,120.782,26.08162,7000,4.459048,4.459136,0,0.1941289,0.1940864,0.2271608,0.8690439,-2,0,0,1,1
278,100,0,123.3437,25.61729,7000,3.277755,3.277755,0,0.1865797,0.2013783,0.2165766,0.8724234,0,0,1,1,1
279,100,-0.635176,126.1723,28.28606,7000,2.329358,2.32877,0,0.1904767,0.1956714,0.2211858,0.8749521,1,0,0,1,1
280,100,0,128.9912,28.18863,7000,1.741138,1.741025,0,0.1900621,0.1939381,0.2212313,0.8768358,1,0,0,1,1
281,100,0,131.8234,28.32245,7000,1.203335,1.203335,0,0.1898752,0.1913986,0.2207377,0.8783562,0,0,0,1,1
282,100,5.515614,134.6158,27.92404,7000,0.4626713,0.4329587,0,0.1914167,0.184865,0.223157,0.8795864,1,0,0,1,1
283,100,0,137.3558,27.39929,7000,0.7569224,0.7566639,0,0.1959213,0.18038,0.2269479,0.8804669,1,0,0,1,1
284,100,-7.439569,139.9953,26.39587,7000,1.194357,1.233528,0,0.1827731,0.180221,0.2195775,0.8813333,-1,0,0,1,1
285,100,0,142.6596,26.64215,7000,0.8437192,0.8441829,0,0.184115,0.1876317,0.2133785,0.8820937,-1,0,0,1,1
286,100,0,145.3689,27.09366,7000,0.5661368,0.5661368,0,0.1853239,0.1840173,0.2156681,0.8824285,0,0,0,1,1
287,100,0,148.0581,26.89209,7000,0.5132,0.5132,0,0.184124,0.1828348,0.213894,0.88264,0,0,0,1,1
288,100,7.210119,150.629,25.70862,7000,0.7999081,0.8374339,0,0.1825646,0.1752202,0.2149394,0.8828384,-1,0,0,1,1
289,0,0,152.6677,20.38666,7000,2.218761,2.21885,0,-0.005192715,0.01960579,-0.03101758,-7.192007,-1,0,0,0,0
290,0,0,149.0689,-35.98785,7000,2.448806,2.448965,0,1,1,1,1,-1,1,1,1,1
291,0,0,143.3212,-57.47696,7000,2.414516,2.414516,0,1,1,1,1,0,1,1,1,1
292,0,-5.058031,137.7343,-55.86853,7000,2.206555,2.210188,0,1,1,1,1,-1,1,1,1,1
293,0,-35,131.8153,-59.19037,7000,0.5274897,0.8702065,0,1,1,1,1,-1,1,1,1,1
294,0,-35,125.1389,-66.76437,7000,1.921932,1.154875,0,1,1,1,1,1,1,1,1,1
295,0,5.176713,118.6732,-64.65675,7000,3.229739,3.203935,0,1,1,1,1,1,1,1,1,1
296,0,35,112.505,-61.68198,7000,5.305666,3.739002,0,1,1,1,1,2,1,1,1,1
297,0,35,106.3091,-61.95885,7000,4.308071,2.761374,0,1,1,1,1,2,1,1,1,1
298,0,35,100.2866,-60.22484,7000,2.170335,0.8932863,0,1,1,1,1,1,1,1,1,1
299,0,35,94.41184,-58.74771,7000,0.3466151,1.170359,0,1,1,1,1,-1,1,1,1,1
300,0.3455323,35,89.30094,-51.10901,7000,2.642195,2.912419,0,0.05649341,0.01778448,0.03403962,-0.02076097,-1,0,0,0,0
301,100,35,89.43929,1.383514,7000,4.791542,4.370943,0,0.1210739,0.0249605,0.2899985,0.2125345,2,0,0,1,1
302,100,0,91.12136,16.82068,7000,5.963252,5.963317,0,0.2590706,0.1640376,0.3084491,0.2126447,-2,1,0,1,1
303,100,-35,93.34149,22.20131,7000,7.841173,6.110899,0,0.08915437,0.06489913,0.297013,0.2532541,2,0,0,1,1
304,100,0,96.0059,26.64406,7000,4.496666,4.496666,0,0.2023919,0.2130539,0.2351166,0.2478605,0,1,1,1,1
305,100,0,99.4148,34.08905,7000,2.485773,2.485537,0,0.2077817,0.2053239,0.2480387,0.2398322,1,1,1,1,1
306,100,0,102.8831,34.68277,7000,1.342463,1.342609,0,0.2034537,0.2048986,0.2416845,0.240738,-1,1,1,1,1
307,100,0,106.3339,34.50806,7000,0.7380747,0.7380747,0,0.2011866,0.2040181,0.2362051,0.2394912,0,1,1,1,1
308,100,7.887921,109.7479,34.1404,7000,0.4710537,0.3990945,0,0.200708,0.2016393,0.2352122,0.2360378,1,1,1,1,1
309,100,0,112.5059,27.58011,7000,1.233528,1.23337,0,0.2167193,0.1811453,0.2499386,0.2156122,1,1,0,1,1
310,100,-9.140668,115.6721,31.66115,7000,1.718056,1.598387,0,0.1996683,0.190753,0.2369587,0.2277582,1,0,0,1,1
311,100,0,118.8244,31.52367,7000,0.9663135,0.9667184,0,0.1910418,0.2017272,0.2229145,0.2364387,-1,0,1,1,1
312,100,-12.54286,122.0331,32.08641,7000,0.3936644,0.1866263,0,0.1883699,0.1906804,0.2277783,0.2285839,1,0,0,1,1
313,100,0,124.4988,24.65736,7000,1.673861,1.673977,0,0.1727542,0.214392,0.204008,0.2462363,-1,0,1,1,1
314,100,3.143307,127.6842,31.85432,7000,2.891237,2.899013,0,0.1794621,0.2045858,0.2110528,0.2373881,-1,0,1,1,1
315,100,16.69935,130.0364,23.52196,7000,1.867183,2.076411,0,0.2127502,0.2024838,0.2292719,0.2157327,-1,1,1,1,1
316,0,0,132.1474,21.11023,7000,0.09691329,0.09891172,0,-0.01885794,0.009816908,-0.02279167,0.01160965,-1,0,0,0,0
317,0,0,127.4151,-47.32353,7000,1.582885,1.583008,0,1,1,1,1,-1,1,1,1,1
318,0,0,122.1627,-52.52396,7000,2.197578,2.197578,0,1,1,1,1,0,1,1,1,1
319,0,0,117.0423,-51.20438,7000,2.297632,2.297292,0,1,1,1,1,1,1,1,1,1
320,0,0,112.0226,-50.19661,7000,2.127897,2.127621,0,1,1,1,1,1,1,1,1,1
321,0,0,107.1,-49.22646,7000,1.829918,1.829597,0,1,1,1,1,1,1,1,1,1
322,0,35,101.5356,-55.64331,7000,3.706814,1.625942,0,-0.006846801,-0.01296743,0.1643916,0.1418926,1,0,0,0,0
323,24.21743,35,98.5334,-30.0222,7000,4.256206,2.021682,0,-0.05529618,-0.01770665,0.02497311,-0.006618232,2,0,0,0,0
324,100,35,98.69894,1.655426,7000,5.674679,3.178599,0,0.09073734,0.02529295,0.2727599,0.2165357,2,0,0,1,1
325,100,35,100.0932,13.94257,7000,7.825512,5.068249,0,0.1025689,0.008182473,0.2862868,0.2037743,2,0,0,1,1
326,100,-35,101.9394,18.46191,7000,9.417218,6.611532,0,0.2279497,0.1300391,0.2915132,0.2144728,2,1,0,1,1
327,100,11.95473,103.9038,19.64409,7000,5.984319,5.666833,0,0.1948159,0.2068915,0.2318461,0.239878,2,0,1,1,1
328,100,13.98814,106.0372,21.33369,7000,4.81845,4.385035,0,0.1445802,0.1183305,0.2523634,0.2257974,2,0,0,1,1
329,100,-7.439569,109.0245,29.87282,7000,3.722417,3.601957,0,0.211197,0.1864744,0.2522538,0.2212298,1,1,0,1,1
330,100,0,112.2579,32.33414,7000,2.47686,2.476702,0,0.1954256,0.2026116,0.2291332,0.2383217,1,0,1,1,1
331,100,6.871218,115.3034,30.4554,7000,2.149038,2.047079,0,0.2000836,0.1831394,0.2405976,0.2237347,1,1,0,1,1
332,100,-3.356933,118.5178,32.14378,7000,2.192763,2.169072,0,0.2056081,0.1874629,0.2405764,0.2191635,1,1,0,1,1
333,100,0,121.6159,30.98083,7000,1.537861,1.537479,0,0.1902117,0.1995943,0.2221151,0.2331343,1,0,0,1,1
334,100,0,124.8253,32.09465,7000,0.9011378,0.9013548,0,0.1924522,0.194468,0.2252504,0.2268448,-1,0,0,1,1
335,100,-32.2756,127.2347,24.09409,7000,1.715205,0.598071,0,0.0884877,0.1158427,0.2124118,0.2379698,1,0,0,1,1
336,100,0,129.4969,22.62115,7000,2.89462,2.894282,0,0.1694762,0.2135177,0.1981048,0.2458821,1,0,1,0,1
337,100,0,132.5896,30.92743,7000,4.167016,4.167486,0,0.176063,0.2027994,0.2075998,0.2346931,-2,0,1,1,1
338,100,0,135.5802,29.90555,7000,4.416457,4.416191,0,0.1767559,0.1978027,0.207702,0.2303803,2,0,0,1,1
339,100,1.109901,138.5345,29.54315,7000,3.992823,3.995569,0,0.1793709,0.1934008,0.2086255,0.2255639,-1,0,0,1,1
340,100,4.498911,141.4807,29.46259,7000,3.14784,3.190219,0,0.1829702,0.1887908,0.2116407,0.2195539,-1,0,0,1,1
341,100,8.226822,144.3618,28.81027,7000,1.418997,1.562227,0,0.1887127,0.1758,0.2201449,0.2086057,-1,0,0,1,1
342,100,6.532317,147.0211,26.59348,7000,1.351181,1.257255,0,0.1995516,0.1611098,0.2322454,0.1939211,1,0,0,1,0
343,100,0,149.8952,28.74146,7000,3.68403,3.684136,0,0.1986854,0.1651957,0.228865,0.1941805,-1,0,0,1,0
344,100,0,152.6952,27.99988,7000,4.785201,4.785037,0,0.1923625,0.167848,0.222147,0.1967849,2,0,0,1,0
345,92.0136,-2.336274,155.2918,25.96527,7000,4.928156,4.916893,0,0.1769721,0.1567133,0.205898,0.1829913,2,0,0,1,0
346,80.07765,-16.28528,156.8558,15.64041,7000,3.472938,2.907711,0,0.1368091,0.1500706,0.1652496,0.1792202,1,0,0,0,0
347,75.30328,0,158.3358,14.80011,7000,0.06852804,0.07132625,0,0.1252117,0.1504398,0.1437931,0.1696117,-1,0,0,0,0
348,88.1941,0,160.1,17.64221,7000,1.712922,1.712922,0,0.1490816,0.1653134,0.1706397,0.1858657,0,0,0,0,0
349,100,0,162.4502,23.50174,7000,2.56132,2.561625,0,0.1700069,0.1845216,0.1968613,0.2117312,-1,0,0,0,1
350,95.35567,3.821109,165.1304,26.80161,7000,2.560097,2.592236,0,0.1657701,0.173726,0.1940424,0.2043492,-1,0,0,0,1
351,100,0.09319802,167.5932,24.62784,7000,1.949031,1.94883,0,0.1743856,0.1752651,0.2004404,0.2018049,1,0,0,1,1
352,100,0,169.9727,23.79593,7000,0.2438933,0.2438933,0,0.1804525,0.1618055,0.2102137,0.1932876,0,0,0,1,0
353,100,0,172.5926,26.19858,7000,1.316558,1.316558,0,0.181482,0.1656381,0.2091248,0.1927474,0,0,0,1,0
354,72.91608,0,174.7299,21.37253,7000,2.246115,2.245592,0,0.137315,0.1250807,0.1582343,0.1459372,1,0,0,0,0
355,32.81131,0,175.6329,9.030151,7000,2.606318,2.605717,0,0.0798328,0.06915926,0.09518912,0.08380581,1,0,0,0,0
356,34.72106,-0.2949563,174.9307,-7.02179,7000,2.630613,2.631059,0,0.05617543,0.04844417,0.06323142,0.05507271,-1,0,0,0,0
357,72.91608,-15.26462,174.3682,-5.624542,7000,1.626303,1.116275,0,0.1056739,0.1208015,0.1310418,0.1453708,1,0,0,0,0
358,93.92336,0,175.3073,9.391022,7000,2.563306,2.563077,0,0.1397521,0.1835544,0.1607832,0.2055916,1,0,0,0,1
359,94.40079,0,177.5563,22.48978,7000,4.850422,4.850746,0,0.1476557,0.1761344,0.1735059,0.2022163,-2,0,0,0,1
360,93.92336,7.887921,179.666,21.09695,7000,5.641148,5.76932,0,0.1483905,0.1720386,0.171844,0.1969827,-2,0,0,0,0
361,94.40079,15.00484,181.3595,16.93466,7000,3.071094,3.5421,0,0.1640178,0.1531012,0.1878006,0.1785634,-1,0,0,0,0
362,100,0,183.1252,17.65762,7000,1.126917,1.127612,0,0.1919096,0.1484654,0.2151464,0.1712361,-1,0,0,1,0
363,100,0,185.5815,24.56284,7000,4.153175,4.153316,0,0.1832559,0.1538435,0.2094856,0.1804209,-2,0,0,1,0
364,100,-8.460229,187.9068,23.25302,7000,5.756498,5.603955,0,0.1791343,0.154065,0.2060629,0.1798262,2,0,0,1,0
365,100,0,189.7261,18.1926,7000,3.575551,3.575277,0,0.1608234,0.17305,0.186281,0.1955537,1,0,0,0,0
366,83.41972,0,191.6085,18.82416,7000,1.651024,1.65126,0,0.1314169,0.1391751,0.1525634,0.1592708,-1,0,0,0,0
367,100,0,193.45,18.41492,7000,0.3876539,0.3881583,0,0.1638743,0.1690539,0.1884769,0.1923771,-1,0,0,0,0
368,100,0,195.7925,23.42529,7000,0.3533244,0.3538778,0,0.1624508,0.168413,0.1882065,0.1941846,-1,0,0,0,0
369,51.43138,0,197.2019,14.09409,7000,0.7840958,0.7840958,0,0.05857055,0.06355489,0.07107408,0.07654123,0,0,0,0,0
370,100,0,198.0955,8.935547,7000,1.004831,1.004831,0,0.1633956,0.1671655,0.1839766,0.1878767,0,0,0,0,0
371,68.61915,0,200.1615,20.6601,7000,1.080103,1.07974,0,0.1169041,0.120151,0.1404845,0.1441522,1,0,0,0,0
372,100,0,201.4244,12.62924,7000,1.075928,1.075382,0,0.1613584,0.1640551,0.1818314,0.1848206,1,0,0,0,0
373,100,0,203.6462,22.21802,7000,1.017603,1.017987,0,0.1616752,0.1639658,0.186344,0.1890549,-1,0,0,0,0
374,100,0,205.8606,22.14355,7000,0.9362817,0.937326,0,0.161069,0.1629548,0.1859729,0.1882401,-1,0,0,0,0
375,100,0,208.0497,21.89133,7000,0.8460353,0.8464977,0,0.1605488,0.1621355,0.1851481,0.1870819,-1,0,0,0,0
376,100,0,210.2129,21.63208,7000,0.7553698,0.7556287,0,0.1600556,0.1613915,0.1844116,0.1860603,-1,0,0,0,0
377,20.87536,35,211.0646,8.516846,7000,3.900133,1.097179,0,-0.04075635,-0.06896984,0.1673068,0.1464754,1,0,0,0,0
378,0,35,205.7797,-52.84943,7000,7.180181,4.521037,0,1,1,1,1,2,1,1,1,1
379,0,35,197.0188,-87.6088,7000,9.256376,6.884984,0,1,1,1,1,2,1,1,1,1
380,0,35,188.0289,-89.89838,7000,9.667272,7.571237,0,0.1507607,0.1853273,0.2942898,0.2508533,2,0,0,1,1
381,0,35,182.7808,-52.48138,7000,9.353409,7.479317,0,0.2258156,0.2402032,-0.01040234,0.007520159,2,1,1,0,0
382,0,35,177.3021,-54.78668,7000,8.668208,6.990807,0,1,1,1,1,2,1,1,1,1
383,0,35,169.0805,-82.21649,7000,7.449111,5.86645,0,0.6018605,0.5862851,0.677225,0.6652668,2,1,1,1,1
384,0,35,163.0768,-60.03693,7000,6.149086,4.578126,0,0.2171863,0.2188313,-0.004834739,-0.003152703,2,1,1,0,0
385,0,35,158.9759,-41.00861,7000,5.473642,3.991205,0,0.2010165,0.2089228,-0.009570955,-0.0004823659,2,1,1,0,0
386,20.87536,35,155.0835,-38.92487,7000,5.490872,4.212776,0,-0.1835462,-0.2081924,0.05354241,0.03505174,2,0,0,0,0
387,48.08932,35,152.5566,-25.26825,7000,6.017834,5.090891,0,-0.1081597,-0.1479814,0.1232165,0.09177212,2,0,0,0,0
388,76.25816,35,150.9808,-15.75806,7000,6.842463,6.428217,0,-0.05552574,-0.1096677,0.1733279,0.1311497,2,0,0,0,0
389,100,35,150.691,-2.897949,7000,7.782908,8.023407,0,0.00101028,-0.06652892,0.2375703,0.1835392,-2,0,0,1,0
390,100,35,150.6295,-0.6150818,7000,8.808323,9.794042,0,-0.01096563,-0.08939726,0.2634534,0.2024899,-2,0,0,1,1
391,100,35,150.3591,-2.704468,7000,10.21226,11.94662,0,-0.03046546,-0.120132,0.2962376,0.2261267,-3,0,0,1,1
392,100,11.27693,149.8237,-5.353546,7000,14.31125,14.55646,0,0.06230073,-0.006696899,0.3175917,0.230818,-3,0,0,1,1
393,100,-28.53319,150.9879,11.64215,7000,13.85406,15.63249,0,0.1562533,0.112106,0.3051262,0.2283848,-3,0,0,1,1
394,100,0,152.1444,11.56494,7000,14.88789,14.88812,0,0.2069352,0.1850607,0.2816136,0.2435383,-3,1,0,1,1
395,100,0,153.5578,14.13361,7000,13.88702,13.88729,0,0.2171751,0.1775698,0.2965254,0.2360397,-3,1,0,1,1
396,100,7.887921,155.0241,14.66278,7000,13.0391,13.17721,0,0.206631,0.1649715,0.3020396,0.2362576,-3,1,0,1,1
397,100,0,156.0144,9.903412,7000,12.91301,12.91347,0,0.1918045,0.1568679,0.3002299,0.2379822,-3,0,0,1,1
398,100,-35,157.674,16.59607,7000,8.953328,11.64491,0,0.1438765,0.1178642,0.2915774,0.2412908,-3,0,0,1,1
399,100,-8.800448,158.4137,7.397003,7000,5.951011,6.12247,0,0.1428192,0.1850179,0.2159823,0.2321526,-2,0,0,1,1
400,100,-28.56088,160.6757,22.61963,7000,1.721924,0.08392937,0,0.166662,0.2052567,0.1857572,0.224516,1,0,1,0,1
401,100,0,161.5308,8.551025,7000,6.34307,6.343997,0,0.05393794,0.1313903,0.1679664,0.2448119,-2,0,0,0,1
402,100,18.39385,163.8271,22.96295,7000,10.32034,9.933017,0,0.1388937,0.2022996,0.1852408,0.251498,3,0,1,0,1
403,100,8.565723,164.9719,11.44836,7000,8.933777,8.865278,0,0.1700311,0.1739982,0.2218091,0.2396717,2,0,0,1,1
404,100,0,167.0637,20.91827,7000,6.205103,6.204472,0,0.1716285,0.1719986,0.1977732,0.2011102,2,0,0,0,1
405,100,0,169.378,23.1424,7000,3.953492,3.953145,0,0.1710422,0.1749193,0.1968474,0.2062243,1,0,0,0,1
406,100,0,171.8811,25.03143,7000,2.555046,2.553973,0,0.1733888,0.172326,0.2004164,0.2011058,1,0,0,1,1
407,100,-34.99868,173.5734,16.92307,7000,3.97153,2.693772,0,-0.01030243,0.01115391,0.1938363,0.2085629,1,0,0,0,1
408,100,0,174.4248,8.513794,7000,4.401219,4.401219,0,0.1565955,0.1890237,0.180376,0.2160589,0,0,0,0,1
409,100,0,176.8716,24.46808,7000,5.186254,5.186291,0,0.1604362,0.1814676,0.1868234,0.2093824,-2,0,0,0,1
410,100,4.837812,178.6296,17.57996,7000,3.494128,3.483577,0,0.183105,0.1768398,0.2009927,0.1929929,1,0,0,1,0
411,100,-8.120008,181.0015,23.71918,7000,1.323821,1.283442,0,0.1697277,0.1576796,0.2023252,0.1907893,1,0,0,1,0
412,100,-34.65714,182.2862,12.84637,7000,2.324984,1.666714,0,-0.0112129,0.01528819,0.1880239,0.2073808,1,0,0,0,1
413,100,-8.120008,182.2447,-0.4148865,7000,4.273747,4.264802,0,0.04753138,0.08459102,0.1776875,0.2167461,2,0,0,0,1
414,100,4.498911,184.2381,19.93454,7000,6.392643,6.400797,0,0.152101,0.18459,0.1768285,0.2110554,-2,0,0,0,1
415,100,11.27693,185.7864,15.48233,7000,4.793545,4.85571,0,0.1773431,0.1748514,0.1949851,0.1908367,-2,0,0,0,0
416,100,0,187.9805,21.94092,7000,2.087129,2.087504,0,0.1726926,0.1610932,0.1983615,0.1873838,-1,0,0,0,0
417,100,0,190.34,23.59573,7000,0.3292442,0.3286494,0,0.1704981,0.1636977,0.1952788,0.1908666,1,0,0,0,0
418,100,-18.3266,192.0217,16.81656,7000,0.6611602,0.6827098,0,0.1545335,0.1638186,0.1882532,0.1980655,-1,0,0,0,0
419,100,0,193.8296,18.07938,7000,2.90178,2.901712,0,0.1534922,0.178777,0.1775409,0.2046959,1,0,0,0,1
420,100,-21.7288,195.4219,15.92239,7000,4.722939,5.113087,0,0.09657419,0.1324336,0.1757214,0.2069177,-2,0,0,0,1
421,100,0,196.6108,11.88965,7000,7.684671,7.684646,0,0.1420887,0.1830875,0.1657805,0.2107286,2,0,0,0,1
422,100,5.176713,198.433,18.22144,7000,8.649812,8.694702,0,0.144655,0.1756365,0.1691155,0.2032776,-2,0,0,0,1
423,100,0,200.3364,19.03397,7000,7.560733,7.56159,0,0.1562261,0.1662913,0.1775191,0.1911778,-2,0,0,0,0
424,100,0,202.0245,16.88156,7000,6.192294,6.192294,0,0.1546317,0.1652935,0.1782998,0.1922457,0,0,0,0,0
425,100,-2.676494,203.8858,18.61237,7000,4.999005,5.012392,0,0.1562143,0.1649466,0.1797844,0.1917373,-2,0,0,0,0
426,100,-28.53319,204.4306,5.448761,7000,3.577467,5.199196,0,-0.05759585,-0.03160207,0.1770114,0.198509,-2,0,0,0,0
427,100,13.98814,205.3101,8.795013,7000,5.416924,5.828672,0,0.1461373,0.1686149,0.1720457,0.1973179,-2,0,0,0,0
428,100,1.448802,206.4893,11.79199,7000,2.406477,2.411271,0,0.1741394,0.1499142,0.1961655,0.1727928,-1,0,0,0,0
429,100,0,208.5853,20.95947,7000,0.5485831,0.5489398,0,0.1700927,0.1519694,0.1949503,0.1769604,-1,0,0,0,0
430,100,0,210.7438,21.58539,7000,2.368768,2.369016,0,0.1673626,0.1533558,0.191426,0.1785199,-1,0,0,0,0
431,100,0,212.8363,20.92484,7000,3.287893,3.288369,0,0.1663871,0.1522339,0.1914935,0.1762712,-1,0,0,0,0
432,100,-12.88308,214.6577,18.21396,7000,3.225494,2.994344,0,0.1617075,0.1552656,0.1872111,0.179789,1,0,0,0,0
433,100,0,216.2797,16.2204,7000,0.08156468,0.08622923,0,0.1486342,0.1687083,0.1717225,0.1928568,-1,0,0,0,0
434,100,-7.439569,217.407,11.27274,7000,3.347435,3.45332,0,0.1086958,0.1429646,0.1670665,0.1994168,-1,0,0,0,0
435,0,0,219.1079,17.00851,7000,6.761206,6.761003,0,0.9594248,0.9099906,0.8255736,0.7697482,2,1,1,1,1
436,0,0,211.4916,-76.16287,7000,8.372172,8.371539,0,1,1,1,1,2,1,1,1,1
437,0,30.59429,203.4831,-80.08484,7000,5.041544,7.177994,0,1,1,1,1,-2,1,1,1,1
438,0,35,195.0173,-84.6582,7000,0.03426402,2.817862,0,1,1,1,1,-1,1,1,1,1
439,0,35,186.8331,-81.84128,7000,4.73917,2.222727,0,1,1,1,1,2,1,1,1,1
440,0,35,178.7106,-81.22513,7000,8.396788,6.411143,0,1,1,1,1,2,1,1,1,1
441,0,35,170.5414,-81.69266,7000,10.09105,8.69861,0,1,1,1,1,3,1,1,1,1
442,0,35,162.5682,-79.73206,7000,10.08112,9.123888,0,0.2436984,0.2541702,0.025261,0.005228313,3,1,1,0,0
443,100,35,158.8942,-36.7395,7000,9.273409,8.626232,0,-0.06234838,-0.09218162,0.1837816,0.1618259,2,0,0,0,0
444,100,35,158.5216,-3.725739,7000,8.498146,8.19453,0,-0.0483915,-0.09184337,0.2293851,0.1895684,2,0,0,1,0
445,0,35,158.1138,-4.078827,7000,8.198099,8.341884,0,0.1724129,0.2070903,-0.1394947,-0.07825037,-2,0,1,0,0
446,0,35,151.0865,-70.27252,7000,7.528532,8.048814,0,1,1,1,1,-2,1,1,1,1
447,0,35,143.8102,-72.76321,7000,6.095964,6.757376,0,0.2309022,0.2235498,-0.01402634,-0.001668555,-2,1,1,0,0
448,0,35,138.4784,-53.31757,7000,4.692939,5.435415,0,0.218096,0.2237059,1,1,-2,1,1,1,1
449,0,35,133.0529,-54.25522,7000,3.777816,4.649073,0,0.2023198,0.2131285,1,1,-2,1,1,1,1
450,0,35,127.7833,-52.69577,7000,3.377712,4.458609,0,0.1896602,0.2076461,1,1,-2,0,1,1,1
451,0,35,122.5192,-52.64076,7000,3.338006,4.701113,0,0.1806362,0.205935,0.3294643,0.2774807,-2,0,1,1,1
452,100,35,120.9654,-15.53818,7000,3.576098,5.291354,0,0.03679148,-0.01680802,0.2472114,0.2042353,-2,0,0,1,1
453,100,35,121.772,8.065643,7000,4.349921,6.512557,0,0.04412797,-0.03027071,0.262683,0.2001801,-2,0,0,1,1
454,100,35,122.4362,6.641769,7000,5.60427,8.182205,0,0.04167236,-0.04748447,0.2769761,0.2059768,-2,0,0,1,1
455,100,35,122.8783,4.421234,7000,7.422882,10.22868,0,0.03186253,-0.07131319,0.3171958,0.2390536,-3,0,0,1,1
456,100,35,123.1201,2.417603,7000,10.08567,12.78682,0,0.01140967,-0.1079955,0.3588845,0.2630229,-3,0,0,1,1
457,100,35,123.149,0.289917,7000,13.82451,15.95648,0,-0.02129559,-0.1627266,0.3838686,0.2612937,-3,0,0,1,1
458,100,-7.439569,123.1192,-0.2984619,7000,19.69825,19.74207,0,0.230467,0.1423031,0.3885562,0.2308341,-3,1,0,1,1
459,100,-35,124.8015,16.82274,7000,21.46367,21.57265,0,0.1878368,0.1471533,0.3471596,0.2066837,-3,0,0,1,1
460,100,0,126.1471,13.45673,7000,20.67074,20.67002,0,0.1809617,0.1712027,0.2782363,0.226,3,0,0,1,1
461,100,0,127.3152,11.6806,7000,18.83324,18.83379,0,0.2091192,0.1683751,0.2968493,0.2283152,-3,1,0,1,1
462,100,0,128.6614,13.46214,7000,17.07745,17.07718,0,0.2236983,0.1828458,0.3213877,0.2416913,3,1,0,1,1
463,100,0,130.2169,15.5545,7000,15.64514,15.64597,0,0.2310284,0.1946285,0.3288363,0.2567371,-3,1,0,1,1
464,100,-27.51253,132.3183,21.01395,7000,14.50596,13.8562,0,0.2144453,0.1938891,0.3314983,0.2661896,3,1,0,1,1
465,100,0,134.0105,16.92215,7000,9.72597,9.726456,0,0.2044896,0.227702,0.305625,0.285557,-2,1,1,1,1
466,100,0,136.5756,25.65094,7000,5.633151,5.632838,0,0.1802276,0.1881735,0.2247481,0.2173231,2,0,0,1,1
467,100,-12.20265,139.3778,28.02216,7000,2.638859,2.623908,0,0.182919,0.1909884,0.2155754,0.2185824,1,0,0,1,1
468,100,0,141.5882,22.10419,7000,1.046424,1.046798,0,0.1573578,0.2124272,0.1876758,0.2420688,-1,0,1,0,1
469,100,0,144.5628,29.74579,7000,3.382288,3.381709,0,0.1681832,0.2005433,0.1976755,0.231358,1,0,1,0,1
470,100,0,147.4439,28.81073,7000,4.444177,4.444265,0,0.1710167,0.1941098,0.2005973,0.2240198,-2,0,0,1,1
471,100,0,150.2232,27.79343,7000,4.557801,4.558445,0,0.1710661,0.1907219,0.1997166,0.221857,-2,0,0,0,1
472,100,0,152.9527,27.29477,7000,4.226839,4.227163,0,0.172433,0.1872717,0.2006311,0.2182326,-2,0,0,1,1
473,100,0,155.6655,27.12845,7000,3.72431,3.724625,0,0.1738119,0.1843763,0.201834,0.2143939,-1,0,0,1,1
474,100,-9.480888,158.3569,26.9136,7000,3.354096,3.214428,0,0.1727263,0.1808414,0.2022169,0.2118983,1,0,0,1,1
475,100,0,159.7072,13.50281,7000,4.106322,4.106799,0,0.08873101,0.1201414,0.191887,0.2233413,-2,0,0,0,1
476,100,0,162.1988,24.91592,7000,4.75209,4.752131,0,0.1653633,0.1880398,0.1919524,0.2171186,-2,0,0,0,1
477,100,0,164.7633,25.64575,7000,4.815481,4.815806,0,0.166881,0.1832881,0.1946878,0.2125791,-2,0,0,0,1
478,100,7.210119,166.9923,22.28958,7000,3.304583,3.20045,0,0.1800974,0.1752004,0.2049138,0.1997196,1,0,0,1,0
479,100,-0.9753956,169.5579,25.65598,7000,1.028505,1.026791,0,0.1808401,0.1676744,0.2081551,0.1950475,1,0,0,1,0
480,100,0,171.5621,20.04257,7000,0.8522571,0.8524867,0,0.1707678,0.1823633,0.1955763,0.2077179,-1,0,0,0,1
481,100,-7.099349,174.1869,26.24725,7000,1.419962,1.32175,0,0.1688561,0.1772081,0.1954265,0.2049105,1,0,0,0,1
482,100,-29.21363,175.3419,11.55029,7000,5.194219,3.359287,0,-0.02432645,0.01432669,0.1858626,0.2160849,2,0,0,0,1
483,100,0,176.94,15.98145,7000,5.601262,5.600912,0,0.1533317,0.188979,0.1778498,0.2166748,2,0,0,0,1
484,100,0,179.2561,23.1604,7000,6.484041,6.483587,0,0.1562031,0.1816314,0.1826458,0.2100261,2,0,0,0,1
485,100,0,181.4346,21.78543,7000,6.503578,6.503337,0,0.1566393,0.1780983,0.1825691,0.2069425,2,0,0,0,1
486,100,0,183.5681,21.33438,7000,6.061457,6.062168,0,0.1580689,0.1756132,0.1832046,0.2040947,-2,0,0,0,1
487,100,0,185.7141,21.46057,7000,5.418118,5.418697,0,0.1599647,0.1734315,0.1849551,0.2012341,-2,0,0,0,1
488,100,0,187.8954,21.81244,7000,4.71663,4.716547,0,0.1611702,0.171681,0.1862435,0.1990942,2,0,0,0,0
489,100,0,190.1119,22.16553,7000,4.0391,4.038323,0,0.1618086,0.1702028,0.1868993,0.1973424,2,0,0,0,0
490,100,0,192.3538,22.41898,7000,3.42617,3.425598,0,0.1622332,0.1688872,0.1872832,0.1956708,1,0,0,0,0
491,100,2.126604,194.5002,21.46423,7000,1.746524,1.737312,0,0.1696447,0.1583843,0.1952687,0.18616,1,0,0,0,0
492,100,0,196.7954,22.9512,7000,0,0,0,0.1706182,0.1593137,0.1961362,0.1846808,0,0,0,0,0
493,100,0,199.1015,23.06107,7000,1.086425,1.086605,0,0.1683658,0.1602236,0.193401,0.1858629,-1,0,0,0,0
494,100,-9.140668,201.3495,22.48047,7000,1.404442,1.587453,0,0.1652076,0.1572288,0.1928812,0.1845946,-1,0,0,0,0
495,100,0,202.945,15.95474,7000,0.4941642,0.4937681,0,0.1515355,0.17361,0.1765847,0.1983512,1,0,0,0,0
496,100,0,205.1709,22.25937,7000,2.048131,2.047462,0,0.1552835,0.1694959,0.1799262,0.1944431,1,0,0,0,0
497,100,0,207.3449,21.73965,7000,2.93031,2.930511,0,0.1554687,0.1670152,0.1803273,0.191984,-1,0,0,0,0
498,100,0,209.4502,21.05347,7000,3.252331,3.253535,0,0.1547863,0.1656991,0.1789339,0.1912017,-1,0,0,0,0
499,100,0,211.5063,20.56107,7000,3.247331,3.247391,0,0.1551324,0.1640385,0.1789227,0.1894086,-1,0,0,0,0
